{"cameraMode":{"drawMode":0,"name":"Shaded","section":"Shading Mode"},"sceneLighting":true,"audioPlay":false,"sceneViewState":{"showFog":true,"showMaterialUpdate":false,"showSkybox":true,"showFlares":true,"showImageEffects":true,"showParticleSystems":true},"in2DMode":false,"pivot":{"x":1.6761388778686524,"y":0.6612110137939453,"z":1.9146490097045899},"rotation":{"x":0.4083922505378723,"y":-0.14970633387565614,"z":0.06837809085845947,"w":0.8979214429855347},"size":12.760181427001954,"orthographic":false}