{"cameraMode":{"drawMode":0,"name":"Shaded","section":"Shading Mode"},"sceneLighting":true,"audioPlay":false,"sceneViewState":{"showFog":true,"showMaterialUpdate":false,"showSkybox":false,"showFlares":true,"showImageEffects":true,"showParticleSystems":true},"in2DMode":false,"pivot":{"x":0.9379758834838867,"y":1.1643595695495606,"z":0.278767466545105},"rotation":{"x":0.43689247965812685,"y":-0.15798936784267426,"z":0.07846616953611374,"w":0.8821137547492981},"size":7.274612903594971,"orthographic":false}